timestamp,protocol,experiment,attack_mode,attack_type,rep,asr,asr_l1,asr_l2,asr_histogram,duration,exit_code,NUM_NODES,ATTACKER_RATIO,ATTACKER_ID,FRONT_ATTACKER_ID,BACK_ATTACKER_ID,VICTIM_ID,SPECULATIVE_P_MAX,SLUGGISH_TIMEOUT_MULTIPLIER,SLUGGISH_MULTIPLIER,DAG_STATE_CACHED_ROUNDS,SYNC_TIMEOUT_MS,GC_DEPTH,LATENCY_JITTER,LATENCY_MS,JITTER_MS,HEADER_SIZE,MAX_HEADER_DELAY,BATCH_SIZE,MAX_BATCH_DELAY,NUM_WORKERS,WAVE_LENGTH,NUMBER_OF_LEADERS,SPECULATIVE_STRATEGY,EXCLUSION_PROBABILITY,HYBRID_EXCLUSION,SIMPLE_EXCLUSION_PROB,VICTIM_RATIO,VICTIM_COUNT,ATTACK_TYPE,SANDWICH_METRIC_MODE,ALEPH_ELECTION_LOOKAHEAD,ALEPH_COORD_REQUEST_DELAY_MS,ALEPH_HASH_SORT_SEED,AUTOBAHN_K,AUTOBAHN_FAST_PATH_TIMEOUT,AUTOBAHN_USE_FAST_PATH
2026-03-31T00:55:37.252456,bullshark,simple,fissure,backrun,1,100.0,33.33,66.67,"{""1"": 22, ""2"": 22, ""3"": 22}",504.8996832370758,0,13,,,,,,,,,,,,,,,,,,,,,,,,,,,,backrun,,,,,,,
2026-03-31T01:05:36.897002,bullshark,simple,fissure,backrun,2,98.5,33.33,66.67,"{""1"": 22, ""2"": 22, ""3"": 21}",11.566015005111694,0,13,,,,,,,,,,,,,,,,,,,,,,,,,,,,backrun,,,,,,,
2026-03-31T01:05:47.896872,bullshark,simple,fissure,backrun,3,98.5,34.85,68.18,"{""1"": 23, ""2"": 22, ""3"": 18, ""7"": 2}",5.989195823669434,0,13,,,,,,,,,,,,,,,,,,,,,,,,,,,,backrun,,,,,,,
2026-03-31T01:05:58.109340,bullshark,simple,fissure,backrun,4,97.0,33.33,65.15,"{""1"": 22, ""2"": 21, ""3"": 21}",5.20350193977356,0,13,,,,,,,,,,,,,,,,,,,,,,,,,,,,backrun,,,,,,,
2026-03-31T01:06:08.608953,bullshark,simple,fissure,backrun,5,97.0,36.36,68.18,"{""1"": 24, ""2"": 21, ""3"": 19}",5.494710683822632,0,13,,,,,,,,,,,,,,,,,,,,,,,,,,,,backrun,,,,,,,
2026-03-31T01:06:19.324271,bullshark,simple,speculative,backrun,1,97.0,34.85,68.18,"{""1"": 23, ""2"": 22, ""3"": 19}",5.639360189437866,0,13,,,,,,50,,,,,,,,,,,,,,,,,,,,,,backrun,,,,,,,
2026-03-31T01:06:30.311712,bullshark,simple,speculative,backrun,2,100.0,33.33,66.67,"{""1"": 22, ""2"": 22, ""3"": 22}",5.97288179397583,0,13,,,,,,50,,,,,,,,,,,,,,,,,,,,,,backrun,,,,,,,
2026-03-31T01:06:40.329208,bullshark,simple,speculative,backrun,3,100.0,33.33,66.67,"{""1"": 22, ""2"": 22, ""3"": 22}",5.003055095672607,0,13,,,,,,50,,,,,,,,,,,,,,,,,,,,,,backrun,,,,,,,
2026-03-31T01:06:51.009113,bullshark,simple,speculative,backrun,4,100.0,33.33,66.67,"{""1"": 22, ""2"": 22, ""3"": 22}",5.665677785873413,0,13,,,,,,50,,,,,,,,,,,,,,,,,,,,,,backrun,,,,,,,
2026-03-31T01:07:01.724350,bullshark,simple,speculative,backrun,5,98.5,33.33,66.67,"{""1"": 22, ""2"": 22, ""3"": 21}",5.7075982093811035,0,13,,,,,,50,,,,,,,,,,,,,,,,,,,,,,backrun,,,,,,,
2026-03-31T01:08:48.326394,bullshark,simple,sluggish,backrun,1,100.0,40.58,73.91,"{""1"": 28, ""2"": 23, ""3"": 14, ""4"": 1, ""6"": 1, ""9"": 2}",101.51401710510254,0,13,,,,,,,,,,,,,,,,,,,,,,,,,,,,backrun,,,,,,,
2026-03-31T01:10:42.728095,bullshark,simple,sluggish,backrun,2,98.8,39.02,70.73,"{""1"": 32, ""10+"": 3, ""2"": 26, ""3"": 16, ""4"": 1, ""5"": 1, ""7"": 1, ""9"": 1}",109.38747096061707,0,13,,,,,,,,,,,,,,,,,,,,,,,,,,,,backrun,,,,,,,
2026-03-31T01:12:51.664535,bullshark,simple,sluggish,backrun,3,95.1,35.37,65.85,"{""1"": 29, ""10+"": 2, ""2"": 25, ""3"": 16, ""4"": 3, ""7"": 1, ""8"": 1, ""9"": 1}",123.9282751083374,0,13,,,,,,,,,,,,,,,,,,,,,,,,,,,,backrun,,,,,,,
2026-03-31T01:14:57.060502,bullshark,simple,sluggish,backrun,4,100.0,37.5,66.67,"{""1"": 27, ""10+"": 5, ""2"": 21, ""3"": 12, ""4"": 1, ""6"": 1, ""7"": 1, ""8"": 1, ""9"": 3}",120.39196991920471,0,13,,,,,,,,,,,,,,,,,,,,,,,,,,,,backrun,,,,,,,
2026-03-31T01:16:56.884502,bullshark,simple,sluggish,backrun,5,98.7,40.51,69.62,"{""1"": 32, ""2"": 23, ""3"": 15, ""4"": 4, ""5"": 1, ""6"": 1, ""7"": 2}",114.809565782547,0,13,,,,,,,,,,,,,,,,,,,,,,,,,,,,backrun,,,,,,,
2026-03-31T01:33:33.633558,alephbft,simple,fissure,backrun,1,9.15,0.0,0.0,"{""3"": 1, ""4"": 1, ""7"": 211}",41.6466748714447,0,13,,,,,,,,,,,,,,,,,,,,,,,,,,,,backrun,,,,,,,
2026-03-31T01:34:15.101093,alephbft,simple,fissure,backrun,2,7.68,0.0,0.0,"{""7"": 157}",36.45287728309631,0,13,,,,,,,,,,,,,,,,,,,,,,,,,,,,backrun,,,,,,,
2026-03-31T01:34:54.478775,alephbft,simple,fissure,backrun,3,7.75,0.0,0.0,"{""7"": 149}",34.36330699920654,0,13,,,,,,,,,,,,,,,,,,,,,,,,,,,,backrun,,,,,,,
2026-03-31T01:35:51.376509,alephbft,simple,fissure,backrun,4,7.32,0.0,0.0,"{""7"": 214}",51.885716915130615,0,13,,,,,,,,,,,,,,,,,,,,,,,,,,,,backrun,,,,,,,
2026-03-31T01:36:41.051670,alephbft,simple,fissure,backrun,5,7.52,0.0,0.0,"{""7"": 189}",44.6604118347168,0,13,,,,,,,,,,,,,,,,,,,,,,,,,,,,backrun,,,,,,,
2026-03-31T01:37:24.629770,alephbft,simple,speculative,backrun,1,11.34,0.0,0.0,"{""7"": 245}",38.500446796417236,0,13,,,,,,50,,,,,,,,,,,,,,,,,,,,,,backrun,,,,,,,
2026-03-31T01:38:19.476712,alephbft,simple,speculative,backrun,2,11.48,0.0,0.0,"{""7"": 322}",49.835216999053955,0,13,,,,,,50,,,,,,,,,,,,,,,,,,,,,,backrun,,,,,,,
2026-03-31T01:39:15.371369,alephbft,simple,speculative,backrun,3,11.34,0.0,0.0,"{""7"": 325}",50.88059115409851,0,13,,,,,,50,,,,,,,,,,,,,,,,,,,,,,backrun,,,,,,,
2026-03-31T01:40:12.295209,alephbft,simple,speculative,backrun,4,11.38,0.0,0.0,"{""7"": 333}",51.90997290611267,0,13,,,,,,50,,,,,,,,,,,,,,,,,,,,,,backrun,,,,,,,
2026-03-31T01:40:55.767397,alephbft,simple,speculative,backrun,5,11.34,0.0,0.0,"{""7"": 245}",38.45776009559631,0,13,,,,,,50,,,,,,,,,,,,,,,,,,,,,,backrun,,,,,,,
2026-03-31T01:41:44.602775,alephbft,simple,sluggish,backrun,1,100.00,11.43,24.94,"{""1"": 88, ""10+"": 63, ""2"": 104, ""3"": 79, ""4"": 10, ""5"": 6, ""6"": 12, ""7"": 121, ""8"": 161, ""9"": 126}",43.755529165267944,0,13,,,,,,,,,,,,,,,,,,,,,,,,,,,,backrun,,,,,,,
2026-03-31T01:42:25.237235,alephbft,simple,sluggish,backrun,2,99.68,8.32,17.28,"{""1"": 52, ""10+"": 66, ""2"": 56, ""3"": 43, ""4"": 7, ""5"": 8, ""6"": 14, ""7"": 114, ""8"": 146, ""9"": 117}",35.62874698638916,0,13,,,,,,,,,,,,,,,,,,,,,,,,,,,,backrun,,,,,,,
2026-03-31T01:43:03.844662,alephbft,simple,sluggish,backrun,3,99.32,11.15,23.14,"{""1"": 66, ""10+"": 37, ""2"": 71, ""3"": 53, ""4"": 6, ""5"": 1, ""6"": 12, ""7"": 116, ""8"": 122, ""9"": 104}",33.60021495819092,0,13,,,,,,,,,,,,,,,,,,,,,,,,,,,,backrun,,,,,,,
2026-03-31T01:43:46.504520,alephbft,simple,sluggish,backrun,4,97.75,11.24,21.29,"{""1"": 75, ""10+"": 53, ""2"": 67, ""3"": 61, ""4"": 3, ""5"": 4, ""6"": 9, ""7"": 103, ""8"": 156, ""9"": 121}",37.654338121414185,0,13,,,,,,,,,,,,,,,,,,,,,,,,,,,,backrun,,,,,,,
2026-03-31T01:44:42.351664,alephbft,simple,sluggish,backrun,5,100.00,9.79,22.91,"{""1"": 88, ""10+"": 56, ""2"": 118, ""3"": 99, ""4"": 27, ""5"": 5, ""6"": 12, ""7"": 147, ""8"": 186, ""9"": 161}",50.84042811393738,0,13,,,,,,,,,,,,,,,,,,,,,,,,,,,,backrun,,,,,,,
2026-03-31T01:56:48.112390,mysticeti,simple,fissure,backrun,1,99.17,38.02,59.5,"{""1"": 46, ""10+"": 32, ""2"": 26, ""3"": 15, ""4"": 1}",3.5342211723327637,0,13,,,,,,,,,,,,,,,,,,,,,,,,,,,,backrun,,,,,,,
2026-03-31T01:56:55.688400,mysticeti,simple,fissure,backrun,2,100.00,36.89,63.11,"{""1"": 38, ""10+"": 24, ""2"": 27, ""3"": 14}",2.5708370208740234,0,13,,,,,,,,,,,,,,,,,,,,,,,,,,,,backrun,,,,,,,
2026-03-31T01:57:03.377352,mysticeti,simple,fissure,backrun,3,100.00,31.07,62.14,"{""1"": 32, ""10+"": 23, ""2"": 32, ""3"": 15, ""6"": 1}",2.6821799278259277,0,13,,,,,,,,,,,,,,,,,,,,,,,,,,,,backrun,,,,,,,
2026-03-31T01:57:11.058617,mysticeti,simple,fissure,backrun,4,100.00,33.33,66.67,"{""1"": 41, ""10+"": 23, ""2"": 41, ""3"": 16, ""5"": 2}",2.673936128616333,0,13,,,,,,,,,,,,,,,,,,,,,,,,,,,,backrun,,,,,,,
2026-03-31T01:57:18.836445,mysticeti,simple,fissure,backrun,5,100.00,34.81,68.15,"{""1"": 47, ""10+"": 24, ""2"": 45, ""3"": 18, ""6"": 1}",2.7634880542755127,0,13,,,,,,,,,,,,,,,,,,,,,,,,,,,,backrun,,,,,,,
2026-03-31T01:57:26.731381,mysticeti,simple,speculative,backrun,1,99.28,31.65,63.31,"{""1"": 44, ""10+"": 12, ""2"": 44, ""3"": 32, ""6"": 6}",2.7541322708129883,0,13,,,,,,50,,,,,,,,,,,,,,,,,,,,,,backrun,,,,,,,
2026-03-31T01:57:34.317994,mysticeti,simple,speculative,backrun,2,100.00,33.04,66.09,"{""1"": 38, ""10+"": 23, ""2"": 38, ""3"": 14, ""6"": 2}",2.5760488510131836,0,13,,,,,,50,,,,,,,,,,,,,,,,,,,,,,backrun,,,,,,,
2026-03-31T01:57:42.106672,mysticeti,simple,speculative,backrun,3,100.00,35.11,70.23,"{""1"": 46, ""10+"": 23, ""2"": 46, ""3"": 15, ""7"": 1}",2.7816648483276367,0,13,,,,,,50,,,,,,,,,,,,,,,,,,,,,,backrun,,,,,,,
2026-03-31T01:57:49.669272,mysticeti,simple,speculative,backrun,4,100.00,31.43,62.86,"{""1"": 33, ""10+"": 24, ""2"": 33, ""3"": 14, ""7"": 1}",2.550917148590088,0,13,,,,,,50,,,,,,,,,,,,,,,,,,,,,,backrun,,,,,,,
2026-03-31T01:57:57.354752,mysticeti,simple,speculative,backrun,5,97.39,32.17,60.87,"{""1"": 37, ""10+"": 27, ""2"": 33, ""3"": 14, ""5"": 1}",2.67130708694458,0,13,,,,,,50,,,,,,,,,,,,,,,,,,,,,,backrun,,,,,,,
2026-03-31T01:58:21.140145,mysticeti,simple,sluggish,backrun,1,95.24,30.95,61.9,"{""1"": 39, ""10+"": 20, ""2"": 39, ""3"": 22}",18.708208322525024,0,13,,,,,,,,,,,,,,,,,,,,,,,,,,,,backrun,,,,,,,
2026-03-31T01:58:42.384913,mysticeti,simple,sluggish,backrun,2,100.00,31.68,63.37,"{""1"": 32, ""10+"": 20, ""2"": 32, ""3"": 17}",16.230599880218506,0,13,,,,,,,,,,,,,,,,,,,,,,,,,,,,backrun,,,,,,,
2026-03-31T01:59:05.428773,mysticeti,simple,sluggish,backrun,3,100.00,38.39,59.82,"{""1"": 43, ""10+"": 21, ""2"": 24, ""3"": 24}",18.0381019115448,0,13,,,,,,,,,,,,,,,,,,,,,,,,,,,,backrun,,,,,,,
2026-03-31T01:59:27.962308,mysticeti,simple,sluggish,backrun,4,85.80,32.54,62.13,"{""1"": 55, ""2"": 50, ""3"": 40}",17.519012212753296,0,13,,,,,,,,,,,,,,,,,,,,,,,,,,,,backrun,,,,,,,
2026-03-31T01:59:50.198465,mysticeti,simple,sluggish,backrun,5,100.00,33.64,67.27,"{""1"": 37, ""10+"": 21, ""2"": 37, ""3"": 15}",17.226264238357544,0,13,,,,,,,,,,,,,,,,,,,,,,,,,,,,backrun,,,,,,,
2026-03-31T02:10:45.343232,autobahn,simple,fissure,backrun,4,51.98,11.76,23.26,"{""1"": 86, ""10+"": 37, ""2"": 84, ""3"": 27, ""4"": 29, ""5"": 32, ""6"": 24, ""7"": 13, ""8"": 27, ""9"": 21}",81.00592017173767,0,13,,,,,,,,,,,,,,,,,,,,,,,,,,,,backrun,,,,,,,
2026-03-31T02:12:14.203010,autobahn,simple,fissure,backrun,5,73.21,5.91,10.44,"{""1"": 47, ""10+"": 93, ""2"": 36, ""3"": 78, ""4"": 30, ""5"": 43, ""6"": 39, ""7"": 42, ""8"": 78, ""9"": 96}",83.8508460521698,0,13,,,,,,,,,,,,,,,,,,,,,,,,,,,,backrun,,,,,,,
2026-03-31T02:13:38.777660,autobahn,simple,speculative,backrun,1,63.50,9.22,12.25,"{""1"": 70, ""10+"": 95, ""2"": 23, ""3"": 47, ""4"": 30, ""5"": 59, ""6"": 49, ""7"": 36, ""8"": 40, ""9"": 33}",79.48049211502075,0,13,,,,,,50,,,,,,,,,,,,,,,,,,,,,,backrun,,,,,,,
2026-03-31T02:14:49.975980,autobahn,simple,speculative,backrun,2,46.65,11.66,16.77,"{""1"": 73, ""10+"": 14, ""2"": 32, ""3"": 18, ""4"": 48, ""5"": 38, ""6"": 18, ""7"": 27, ""8"": 20, ""9"": 4}",66.18585395812988,0,13,,,,,,50,,,,,,,,,,,,,,,,,,,,,,backrun,,,,,,,
2026-03-31T02:16:07.314835,autobahn,simple,speculative,backrun,3,43.64,11.71,21.39,"{""1"": 81, ""10+"": 4, ""2"": 67, ""3"": 30, ""4"": 54, ""5"": 30, ""6"": 25, ""7"": 5, ""8"": 2, ""9"": 4}",72.33451676368713,0,13,,,,,,50,,,,,,,,,,,,,,,,,,,,,,backrun,,,,,,,
2026-03-31T02:17:22.701218,autobahn,simple,speculative,backrun,4,48.95,9.16,13.96,"{""1"": 61, ""10+"": 32, ""2"": 32, ""3"": 56, ""4"": 27, ""5"": 17, ""6"": 26, ""7"": 28, ""8"": 19, ""9"": 28}",70.37585592269897,0,13,,,,,,50,,,,,,,,,,,,,,,,,,,,,,backrun,,,,,,,
2026-03-31T02:18:38.006558,autobahn,simple,speculative,backrun,5,47.55,9.06,15.9,"{""1"": 61, ""10+"": 17, ""2"": 46, ""3"": 51, ""4"": 23, ""5"": 40, ""6"": 22, ""7"": 25, ""8"": 21, ""9"": 14}",70.29652786254883,0,13,,,,,,50,,,,,,,,,,,,,,,,,,,,,,backrun,,,,,,,
2026-03-31T02:19:51.545044,autobahn,simple,sluggish,backrun,1,49.47,9.01,21.07,"{""1"": 59, ""10+"": 11, ""2"": 79, ""3"": 38, ""4"": 39, ""5"": 15, ""6"": 23, ""7"": 7, ""8"": 27, ""9"": 26}",68.44891500473022,0,13,,,,,,,,,,,,,,,,,,,,,,,,,,,,backrun,,,,,,,
2026-03-31T02:21:16.874148,autobahn,simple,sluggish,backrun,2,48.38,7.12,19.02,"{""1"": 55, ""10+"": 16, ""2"": 92, ""3"": 36, ""4"": 41, ""5"": 43, ""6"": 48, ""7"": 20, ""8"": 17, ""9"": 6}",80.31383991241455,0,13,,,,,,,,,,,,,,,,,,,,,,,,,,,,backrun,,,,,,,
2026-03-31T02:22:30.321593,autobahn,simple,sluggish,backrun,3,31.33,6.33,8.02,"{""1"": 41, ""10+"": 18, ""2"": 11, ""3"": 12, ""4"": 27, ""5"": 34, ""6"": 30, ""7"": 29, ""9"": 1}",68.43469381332397,0,13,,,,,,,,,,,,,,,,,,,,,,,,,,,,backrun,,,,,,,
2026-03-31T02:23:43.497069,autobahn,simple,sluggish,backrun,4,62.31,20.31,33.69,"{""1"": 132, ""10+"": 3, ""2"": 87, ""3"": 19, ""4"": 45, ""5"": 46, ""6"": 35, ""7"": 8, ""8"": 17, ""9"": 13}",68.17019391059875,0,13,,,,,,,,,,,,,,,,,,,,,,,,,,,,backrun,,,,,,,
2026-03-31T02:25:11.240202,autobahn,simple,sluggish,backrun,5,0.76,0.0,0.0,"{""4"": 6}",82.72536110877991,0,13,,,,,,,,,,,,,,,,,,,,,,,,,,,,backrun,,,,,,,
2026-03-31T02:47:31.633554,autobahn,simple,fissure,backrun,1,60.87,11.08,19.64,"{""1"": 79, ""10+"": 29, ""2"": 61, ""3"": 46, ""4"": 51, ""5"": 50, ""6"": 77, ""7"": 10, ""8"": 26, ""9"": 5}",74.03657388687134,0,13,,,,,,,,,,,,,,,,,,,,,,,,,,,,backrun,,,,,,,
2026-03-31T02:48:51.859640,autobahn,simple,fissure,backrun,2,30.07,5.45,13.01,"{""1"": 39, ""10+"": 1, ""2"": 54, ""3"": 33, ""4"": 14, ""5"": 29, ""6"": 13, ""7"": 11, ""8"": 12, ""9"": 9}",75.21929025650024,0,13,,,,,,,,,,,,,,,,,,,,,,,,,,,,backrun,,,,,,,
2026-03-31T02:50:19.360229,autobahn,simple,fissure,backrun,3,44.90,7.53,10.46,"{""1"": 59, ""10+"": 88, ""2"": 23, ""3"": 40, ""4"": 9, ""5"": 59, ""6"": 21, ""7"": 17, ""8"": 20, ""9"": 16}",82.49016809463501,0,13,,,,,,,,,,,,,,,,,,,,,,,,,,,,backrun,,,,,,,
2026-03-31T14:51:28.049453,bullshark,simple,fissure,sandwich,1,81.82,,,,4.58973503112793,0,13,,,,,,,,,,,,,,,,,,,,,,,,,,,,sandwich,triplet,,,,,,
2026-03-31T14:51:37.741510,bullshark,simple,fissure,sandwich,2,81.82,,,,4.681325912475586,0,13,,,,,,,,,,,,,,,,,,,,,,,,,,,,sandwich,triplet,,,,,,
2026-03-31T14:51:47.971949,bullshark,simple,fissure,sandwich,3,81.82,,,,5.222343921661377,0,13,,,,,,,,,,,,,,,,,,,,,,,,,,,,sandwich,triplet,,,,,,
2026-03-31T14:51:57.748670,bullshark,simple,fissure,sandwich,4,80.95,,,,4.768329858779907,0,13,,,,,,,,,,,,,,,,,,,,,,,,,,,,sandwich,triplet,,,,,,
2026-03-31T14:52:08.166876,bullshark,simple,fissure,sandwich,5,81.82,,,,5.41008996963501,0,13,,,,,,,,,,,,,,,,,,,,,,,,,,,,sandwich,triplet,,,,,,
2026-03-31T14:52:19.340138,bullshark,simple,speculative,sandwich,1,81.82,,,,6.102532148361206,0,13,,,,,,50,,,,,,,,,,,,,,,,,,,,,,sandwich,triplet,,,,,,
2026-03-31T14:52:29.707171,bullshark,simple,speculative,sandwich,2,80.95,,,,5.3597571849823,0,13,,,,,,50,,,,,,,,,,,,,,,,,,,,,,sandwich,triplet,,,,,,
2026-03-31T14:52:39.819585,bullshark,simple,speculative,sandwich,3,82.4,,,,5.103097915649414,0,13,,,,,,50,,,,,,,,,,,,,,,,,,,,,,sandwich,triplet,,,,,,
2026-03-31T14:52:51.055885,bullshark,simple,speculative,sandwich,4,75.19,,,,6.230823993682861,0,13,,,,,,50,,,,,,,,,,,,,,,,,,,,,,sandwich,triplet,,,,,,
2026-03-31T14:53:01.733471,bullshark,simple,speculative,sandwich,5,72.22,,,,5.669553279876709,0,13,,,,,,50,,,,,,,,,,,,,,,,,,,,,,sandwich,triplet,,,,,,
2026-03-31T14:53:25.271199,bullshark,simple,sluggish,sandwich,1,100.0,,,,18.46167230606079,0,13,,,,,,,,,,,,,,,,,,,,,,,,,,,,sandwich,triplet,,,,,,
2026-03-31T14:53:59.996928,bullshark,simple,sluggish,sandwich,2,100.0,,,,29.71789002418518,0,13,,,,,,,,,,,,,,,,,,,,,,,,,,,,sandwich,triplet,,,,,,
2026-03-31T14:54:28.311159,bullshark,simple,sluggish,sandwich,3,0.0,,,,23.306931972503662,0,13,,,,,,,,,,,,,,,,,,,,,,,,,,,,sandwich,triplet,,,,,,
2026-03-31T14:55:04.745692,bullshark,simple,sluggish,sandwich,4,100.0,,,,31.421537160873413,0,13,,,,,,,,,,,,,,,,,,,,,,,,,,,,sandwich,triplet,,,,,,
2026-03-31T14:55:30.757486,bullshark,simple,sluggish,sandwich,5,100.0,,,,21.006109952926636,0,13,,,,,,,,,,,,,,,,,,,,,,,,,,,,sandwich,triplet,,,,,,
2026-03-31T14:56:15.181792,alephbft,simple,fissure,sandwich,1,0.0,,,,38.93259787559509,0,13,,,,,,,,,,,,,,,,,,,,,,,,,,,,sandwich,triplet,,,,,,
2026-03-31T14:57:07.083438,alephbft,simple,fissure,sandwich,2,0.0,,,,46.891565799713135,0,13,,,,,,,,,,,,,,,,,,,,,,,,,,,,sandwich,triplet,,,,,,
2026-03-31T14:57:43.390306,alephbft,simple,fissure,sandwich,3,0.0,,,,31.301589965820312,0,13,,,,,,,,,,,,,,,,,,,,,,,,,,,,sandwich,triplet,,,,,,
2026-03-31T14:58:32.135113,alephbft,simple,fissure,sandwich,4,0.0,,,,43.733640909194946,0,13,,,,,,,,,,,,,,,,,,,,,,,,,,,,sandwich,triplet,,,,,,
2026-03-31T14:59:15.635178,alephbft,simple,fissure,sandwich,5,0.0,,,,38.486485958099365,0,13,,,,,,,,,,,,,,,,,,,,,,,,,,,,sandwich,triplet,,,,,,
2026-03-31T15:00:10.458091,alephbft,simple,speculative,sandwich,1,0.0,,,,49.764527797698975,0,13,,,,,,50,,,,,,,,,,,,,,,,,,,,,,sandwich,triplet,,,,,,
2026-03-31T15:00:57.373081,alephbft,simple,speculative,sandwich,2,0.56,,,,41.90549874305725,0,13,,,,,,50,,,,,,,,,,,,,,,,,,,,,,sandwich,triplet,,,,,,
2026-03-31T15:01:49.262675,alephbft,simple,speculative,sandwich,3,4.7,,,,46.88154482841492,0,13,,,,,,50,,,,,,,,,,,,,,,,,,,,,,sandwich,triplet,,,,,,
2026-03-31T15:02:35.897574,alephbft,simple,speculative,sandwich,4,0.0,,,,41.62495994567871,0,13,,,,,,50,,,,,,,,,,,,,,,,,,,,,,sandwich,triplet,,,,,,
2026-03-31T15:03:25.568440,alephbft,simple,speculative,sandwich,5,0.0,,,,44.66130781173706,0,13,,,,,,50,,,,,,,,,,,,,,,,,,,,,,sandwich,triplet,,,,,,
2026-03-31T15:04:21.543609,alephbft,simple,sluggish,sandwich,1,66.89,,,,50.899460792541504,0,13,,,,,,,,,,,,,,,,,,,,,,,,,,,,sandwich,triplet,,,,,,
2026-03-31T15:04:59.160446,alephbft,simple,sluggish,sandwich,2,63.79,,,,32.608258962631226,0,13,,,,,,,,,,,,,,,,,,,,,,,,,,,,sandwich,triplet,,,,,,
2026-03-31T15:05:52.256690,alephbft,simple,sluggish,sandwich,3,81.88,,,,48.08681893348694,0,13,,,,,,,,,,,,,,,,,,,,,,,,,,,,sandwich,triplet,,,,,,
2026-03-31T15:06:44.904262,alephbft,simple,sluggish,sandwich,4,76.38,,,,47.63983678817749,0,13,,,,,,,,,,,,,,,,,,,,,,,,,,,,sandwich,triplet,,,,,,
2026-03-31T15:07:28.853331,alephbft,simple,sluggish,sandwich,5,78.18,,,,38.9431471824646,0,13,,,,,,,,,,,,,,,,,,,,,,,,,,,,sandwich,triplet,,,,,,
2026-03-31T15:07:36.981426,mysticeti,simple,fissure,sandwich,1,16.08,,,,2.858081102371216,0,13,,,,,,,,,,,,,,,,,,,,,,,,,,,,sandwich,triplet,,,,,,
2026-03-31T15:07:44.552705,mysticeti,simple,fissure,sandwich,2,16.53,,,,2.565523862838745,0,13,,,,,,,,,,,,,,,,,,,,,,,,,,,,sandwich,triplet,,,,,,
2026-03-31T15:07:52.124621,mysticeti,simple,fissure,sandwich,3,16.26,,,,2.566370964050293,0,13,,,,,,,,,,,,,,,,,,,,,,,,,,,,sandwich,triplet,,,,,,
2026-03-31T15:07:59.780192,mysticeti,simple,fissure,sandwich,4,16.17,,,,2.647225856781006,0,13,,,,,,,,,,,,,,,,,,,,,,,,,,,,sandwich,triplet,,,,,,
2026-03-31T15:08:07.325057,mysticeti,simple,fissure,sandwich,5,16.4,,,,2.53825306892395,0,13,,,,,,,,,,,,,,,,,,,,,,,,,,,,sandwich,triplet,,,,,,
2026-03-31T15:08:14.986085,mysticeti,simple,speculative,sandwich,1,19.34,,,,2.5806031227111816,0,13,,,,,,50,,,,,,,,,,,,,,,,,,,,,,sandwich,triplet,,,,,,
2026-03-31T15:08:22.524590,mysticeti,simple,speculative,sandwich,2,16.84,,,,2.5300958156585693,0,13,,,,,,50,,,,,,,,,,,,,,,,,,,,,,sandwich,triplet,,,,,,
2026-03-31T15:08:30.042402,mysticeti,simple,speculative,sandwich,3,16.88,,,,2.508944034576416,0,13,,,,,,50,,,,,,,,,,,,,,,,,,,,,,sandwich,triplet,,,,,,
2026-03-31T15:08:37.689928,mysticeti,simple,speculative,sandwich,4,16.21,,,,2.6410112380981445,0,13,,,,,,50,,,,,,,,,,,,,,,,,,,,,,sandwich,triplet,,,,,,
2026-03-31T15:08:45.331903,mysticeti,simple,speculative,sandwich,5,16.29,,,,2.632978916168213,0,13,,,,,,50,,,,,,,,,,,,,,,,,,,,,,sandwich,triplet,,,,,,
2026-03-31T15:09:03.404530,mysticeti,simple,sluggish,sandwich,1,40.26,,,,12.988455772399902,0,13,,,,,,,,,,,,,,,,,,,,,,,,,,,,sandwich,triplet,,,,,,
2026-03-31T15:09:22.149716,mysticeti,simple,sluggish,sandwich,2,39.15,,,,13.736231088638306,0,13,,,,,,,,,,,,,,,,,,,,,,,,,,,,sandwich,triplet,,,,,,
2026-03-31T15:09:40.378935,mysticeti,simple,sluggish,sandwich,3,38.24,,,,13.221374034881592,0,13,,,,,,,,,,,,,,,,,,,,,,,,,,,,sandwich,triplet,,,,,,
2026-03-31T15:09:57.303826,mysticeti,simple,sluggish,sandwich,4,50.17,,,,11.914562702178955,0,13,,,,,,,,,,,,,,,,,,,,,,,,,,,,sandwich,triplet,,,,,,
2026-03-31T15:10:15.161895,mysticeti,simple,sluggish,sandwich,5,50.76,,,,12.854210138320923,0,13,,,,,,,,,,,,,,,,,,,,,,,,,,,,sandwich,triplet,,,,,,
2026-03-31T15:11:31.371694,autobahn,simple,fissure,sandwich,1,25.0,,,,70.99456286430359,0,13,,,,,,,,,,,,,,,,,,,,,,,,,,,,sandwich,triplet,,,,,,
2026-03-31T15:13:00.916060,autobahn,simple,fissure,sandwich,2,66.75,,,,84.53289794921875,0,13,,,,,,,,,,,,,,,,,,,,,,,,,,,,sandwich,triplet,,,,,,
2026-03-31T15:14:15.106891,autobahn,simple,fissure,sandwich,3,25.57,,,,69.18089866638184,0,13,,,,,,,,,,,,,,,,,,,,,,,,,,,,sandwich,triplet,,,,,,
2026-03-31T15:15:34.369709,autobahn,simple,fissure,sandwich,4,4.67,,,,74.25202989578247,0,13,,,,,,,,,,,,,,,,,,,,,,,,,,,,sandwich,triplet,,,,,,
2026-03-31T15:16:51.773918,autobahn,simple,fissure,sandwich,5,18.15,,,,72.39478802680969,0,13,,,,,,,,,,,,,,,,,,,,,,,,,,,,sandwich,triplet,,,,,,
2026-03-31T15:18:13.302545,autobahn,simple,speculative,sandwich,1,18.55,,,,76.40233588218689,0,13,,,,,,50,,,,,,,,,,,,,,,,,,,,,,sandwich,triplet,,,,,,
2026-03-31T15:19:39.645247,autobahn,simple,speculative,sandwich,2,13.06,,,,81.33415102958679,0,13,,,,,,50,,,,,,,,,,,,,,,,,,,,,,sandwich,triplet,,,,,,
2026-03-31T15:21:02.130684,autobahn,simple,speculative,sandwich,3,15.54,,,,77.4777159690857,0,13,,,,,,50,,,,,,,,,,,,,,,,,,,,,,sandwich,triplet,,,,,,
2026-03-31T15:22:23.741159,autobahn,simple,speculative,sandwich,4,16.78,,,,76.60083603858948,0,13,,,,,,50,,,,,,,,,,,,,,,,,,,,,,sandwich,triplet,,,,,,
2026-03-31T15:23:50.357366,autobahn,simple,speculative,sandwich,5,16.88,,,,81.60902619361877,0,13,,,,,,50,,,,,,,,,,,,,,,,,,,,,,sandwich,triplet,,,,,,
2026-03-31T15:25:12.926960,autobahn,simple,sluggish,sandwich,1,10.0,,,,77.46314430236816,0,13,,,,,,,,,,,,,,,,,,,,,,,,,,,,sandwich,triplet,,,,,,
2026-03-31T15:26:24.119179,autobahn,simple,sluggish,sandwich,2,15.51,,,,66.18516874313354,0,13,,,,,,,,,,,,,,,,,,,,,,,,,,,,sandwich,triplet,,,,,,
2026-03-31T15:27:36.283990,autobahn,simple,sluggish,sandwich,3,17.65,,,,67.15562105178833,0,13,,,,,,,,,,,,,,,,,,,,,,,,,,,,sandwich,triplet,,,,,,
2026-03-31T15:29:02.618115,autobahn,simple,sluggish,sandwich,4,16.69,,,,81.32557487487793,0,13,,,,,,,,,,,,,,,,,,,,,,,,,,,,sandwich,triplet,,,,,,
2026-03-31T15:30:30.155361,autobahn,simple,sluggish,sandwich,5,13.56,,,,82.52824282646179,0,13,,,,,,,,,,,,,,,,,,,,,,,,,,,,sandwich,triplet,,,,,,
