timestamp,protocol,experiment,attack_mode,rep,asr,duration,exit_code,NUM_NODES,ATTACKER_RATIO,SPECULATIVE_P_MAX,SLUGGISH_TIMEOUT_MULTIPLIER,DAG_STATE_CACHED_ROUNDS,SYNC_TIMEOUT_MS,GC_DEPTH,LATENCY_JITTER
2026-01-28T17:11:19.615276,bullshark,scaling,fissure,1,92.9,79.62369990348816,0,13,,,,,,,
2026-01-28T17:12:38.575862,bullshark,scaling,fissure,1,87.4,78.92735362052917,0,25,,,,,,,
2026-01-28T17:14:22.645662,bullshark,scaling,fissure,1,81.9,104.01160717010498,0,50,,,,,,,
2026-02-01T14:36:14.261817,bullshark,scaling,fissure,1,84.5,1281.855728149414,0,100,,,,,,,
2026-01-28T17:27:23.677022,bullshark,defense_memory,fissure,1,94.8,92.6454164981842,1,,,,,2,,,
2026-01-28T17:28:53.752892,bullshark,defense_memory,fissure,1,90.2,90.04097652435303,1,,,,,5,,,
2026-01-28T17:30:23.889301,bullshark,defense_memory,fissure,1,93.2,90.09489727020264,1,,,,,20,,,
2026-01-28T17:31:55.936267,bullshark,defense_memory,fissure,1,93.9,92.00049614906311,1,,,,,50,,,
2026-01-28T17:33:21.608375,bullshark,defense_network,fissure,1,94.7,85.63590931892395,1,,,,,,500,,
2026-01-28T17:34:46.613324,bullshark,defense_network,fissure,1,92.3,84.96479630470276,1,,,,,,2000,,
2026-01-28T17:36:12.470698,bullshark,defense_network,fissure,1,93.4,85.81560158729553,1,,,,,,5000,,
2026-01-28T17:37:39.123000,bullshark,defense_gc,fissure,1,94.8,86.61618041992188,1,,,,,,,5,
2026-01-28T17:39:03.858973,bullshark,defense_gc,fissure,1,91.1,84.69533157348633,1,,,,,,,10,
2026-01-28T17:40:29.569218,bullshark,defense_gc,fissure,1,83.5,85.68149089813232,1,,,,,,,50,
2026-01-28T17:41:55.042222,bullshark,env_latency,fissure,1,91.7,85.44105052947998,1,,,,,,,,50ms 10ms
2026-01-28T17:43:20.827947,bullshark,env_latency,fissure,1,94.8,85.74658131599426,1,,,,,,,,150ms 30ms
2026-01-28T17:44:44.733011,bullshark,env_latency,fissure,1,93.1,83.86690592765808,1,,,,,,,,300ms 50ms
2026-01-28T17:46:09.793776,bullshark,offense_fissure,fissure,1,82.9,85.02201843261719,1,,0.1,,,,,,
2026-01-28T17:47:31.023923,bullshark,offense_fissure,fissure,1,94.3,81.19265723228455,1,,0.2,,,,,,
2026-01-28T17:48:52.609165,bullshark,offense_fissure,fissure,1,93.1,81.54557633399963,0,,0.33,,,,,,
2026-02-01T14:37:35.497231,bullshark,defense_memory,fissure,1,93.6,81.2005786895752,0,,,,,1,,,
2026-02-01T15:03:54.655198,bullshark,scaling,fissure,2,93.1,80.55101919174194,0,13,,,,,,,
2026-02-01T15:05:13.960522,bullshark,scaling,fissure,3,87.4,79.25360417366028,0,13,,,,,,,
2026-02-01T15:06:33.420991,bullshark,scaling,fissure,4,92.3,79.41041088104248,0,13,,,,,,,
2026-02-01T15:07:52.318841,bullshark,scaling,fissure,5,77.8,78.84596943855286,0,13,,,,,,,
2026-02-01T15:09:11.935424,bullshark,scaling,fissure,2,90.6,79.5440924167633,0,25,,,,,,,
2026-02-01T15:10:31.839352,bullshark,scaling,fissure,3,92.6,79.83209323883057,0,25,,,,,,,
2026-02-01T15:11:51.678740,bullshark,scaling,fissure,4,92.7,79.76980185508728,0,25,,,,,,,
2026-02-01T15:13:12.070630,bullshark,scaling,fissure,5,91.9,80.3194899559021,0,25,,,,,,,
2026-02-01T15:14:55.450882,bullshark,scaling,fissure,2,83.2,103.25683426856995,0,50,,,,,,,
2026-02-01T15:16:44.005722,bullshark,scaling,fissure,3,85.9,108.41770434379578,0,50,,,,,,,
2026-02-01T15:18:29.625273,bullshark,scaling,fissure,4,83.2,105.47715878486633,0,50,,,,,,,
2026-02-01T15:20:17.434072,bullshark,scaling,fissure,5,82.8,107.66673493385315,0,50,,,,,,,
2026-02-01T15:42:42.009304,bullshark,scaling,fissure,2,88.9,1344.2224991321564,0,100,,,,,,,
2026-02-01T15:57:37.087122,bullshark,scaling,fissure,3,84.2,894.7029187679291,0,100,,,,,,,
2026-02-01T16:14:13.798815,bullshark,scaling,fissure,4,85.1,996.3401699066162,0,100,,,,,,,
2026-02-01T16:31:42.887156,bullshark,scaling,fissure,5,89.0,1048.698637008667,0,100,,,,,,,
2026-02-01T16:33:03.226348,bullshark,defense_memory,fissure,2,94.6,80.20970892906189,0,,,,,1,,,
2026-02-01T16:34:23.818129,bullshark,defense_memory,fissure,3,89.9,80.53132224082947,0,,,,,1,,,
2026-02-01T16:35:44.811962,bullshark,defense_memory,fissure,4,86.7,80.9324312210083,0,,,,,1,,,
2026-02-01T16:37:05.216477,bullshark,defense_memory,fissure,5,94.1,80.343905210495,0,,,,,1,,,
2026-02-01T16:38:27.975337,bullshark,defense_memory,fissure,2,94.7,82.69309282302856,0,,,,,2,,,
2026-02-01T16:39:49.151335,bullshark,defense_memory,fissure,3,93.8,81.11377334594727,0,,,,,2,,,
2026-02-01T16:41:10.652257,bullshark,defense_memory,fissure,4,93.1,81.4410183429718,0,,,,,2,,,
2026-02-01T16:42:32.350170,bullshark,defense_memory,fissure,5,92.4,81.63874936103821,0,,,,,2,,,
2026-02-01T16:43:52.573351,bullshark,defense_memory,fissure,2,85.6,80.18108630180359,0,,,,,5,,,
2026-02-01T16:45:14.028668,bullshark,defense_memory,fissure,3,88.5,81.39725828170776,0,,,,,5,,,
2026-02-01T16:46:34.778878,bullshark,defense_memory,fissure,4,94.1,80.68959045410156,0,,,,,5,,,
2026-02-01T16:47:56.021469,bullshark,defense_memory,fissure,5,91.1,81.18236231803894,0,,,,,5,,,
2026-02-01T16:49:16.916094,bullshark,defense_memory,fissure,2,94.8,80.83703207969666,0,,,,,20,,,
2026-02-01T16:50:37.611651,bullshark,defense_memory,fissure,3,94.8,80.63843727111816,0,,,,,20,,,
2026-02-01T16:51:59.427248,bullshark,defense_memory,fissure,4,94.8,81.753089427948,0,,,,,20,,,
2026-02-01T16:53:20.504704,bullshark,defense_memory,fissure,5,90.1,81.01815176010132,0,,,,,20,,,
2026-02-01T16:54:41.785889,bullshark,defense_network,fissure,2,90.3,81.21891927719116,0,,,,,,500,,
2026-02-01T16:56:02.304828,bullshark,defense_network,fissure,3,90.6,80.45874428749084,0,,,,,,500,,
2026-02-01T16:57:24.018387,bullshark,defense_network,fissure,4,94.7,81.65460920333862,0,,,,,,500,,
2026-02-01T16:58:45.196430,bullshark,defense_network,fissure,5,87.1,81.11844658851624,0,,,,,,500,,
2026-02-01T17:00:05.812532,bullshark,defense_network,fissure,2,93.7,80.5560028553009,0,,,,,,2000,,
2026-02-01T17:01:26.567381,bullshark,defense_network,fissure,3,90.1,80.69378757476807,0,,,,,,2000,,
2026-02-01T17:02:46.743976,bullshark,defense_network,fissure,4,92.2,80.1180579662323,0,,,,,,2000,,
2026-02-01T17:04:08.596126,bullshark,defense_network,fissure,5,91.0,81.79110789299011,0,,,,,,2000,,
2026-02-01T17:08:41.112214,bullshark,defense_network,fissure,2,92.8,272.4542181491852,0,,,,,,5000,,
2026-02-01T17:10:00.905805,bullshark,defense_network,fissure,3,87.0,79.73597240447998,0,,,,,,5000,,
2026-02-01T17:11:21.000362,bullshark,defense_network,fissure,4,90.7,80.03606724739075,0,,,,,,5000,,
2026-02-01T17:12:41.238167,bullshark,defense_network,fissure,5,94.1,80.1794912815094,0,,,,,,5000,,
2026-02-01T17:14:01.169744,bullshark,defense_gc,fissure,2,82.5,79.8738956451416,0,,,,,,,5,
2026-02-01T17:15:21.973915,bullshark,defense_gc,fissure,3,93.7,80.74505805969238,0,,,,,,,5,
2026-02-01T17:16:43.672951,bullshark,defense_gc,fissure,4,93.4,81.6400580406189,0,,,,,,,5,
2026-02-01T17:18:04.998180,bullshark,defense_gc,fissure,5,92.5,81.26643085479736,0,,,,,,,5,
2026-02-01T17:19:27.130494,bullshark,defense_gc,fissure,2,94.8,82.07144165039062,0,,,,,,,10,
2026-02-01T17:20:47.922448,bullshark,defense_gc,fissure,3,85.6,80.73808217048645,0,,,,,,,10,
2026-02-01T17:22:07.520729,bullshark,defense_gc,fissure,4,94.6,79.54162049293518,0,,,,,,,10,
2026-02-01T17:23:28.575434,bullshark,defense_gc,fissure,5,91.9,80.99720239639282,0,,,,,,,10,
2026-02-01T17:24:49.763576,bullshark,defense_gc,fissure,2,84.9,81.13014006614685,0,,,,,,,50,
2026-02-01T17:26:10.925192,bullshark,defense_gc,fissure,3,91.7,81.10320568084717,0,,,,,,,50,
2026-02-01T17:27:31.953147,bullshark,defense_gc,fissure,4,94.8,80.96918272972107,0,,,,,,,50,
2026-02-01T17:28:53.506973,bullshark,defense_gc,fissure,5,91.6,81.49616718292236,0,,,,,,,50,
2026-02-01T17:30:14.162689,bullshark,env_latency,fissure,2,83.7,80.5964744091034,0,,,,,,,,50ms 10ms
2026-02-01T17:31:35.253736,bullshark,env_latency,fissure,3,90.2,81.031569480896,0,,,,,,,,50ms 10ms
2026-02-01T17:32:54.931724,bullshark,env_latency,fissure,4,84.0,79.62191319465637,0,,,,,,,,50ms 10ms
2026-02-01T17:34:15.000049,bullshark,env_latency,fissure,5,68.1,80.01141834259033,0,,,,,,,,50ms 10ms
2026-02-01T17:35:34.645745,bullshark,env_latency,fissure,2,90.0,79.58992743492126,0,,,,,,,,150ms 30ms
2026-02-01T17:36:56.214267,bullshark,env_latency,fissure,3,92.3,81.50862622261047,0,,,,,,,,150ms 30ms
2026-02-01T17:38:17.280111,bullshark,env_latency,fissure,4,88.2,81.00622200965881,0,,,,,,,,150ms 30ms
2026-02-01T17:39:38.086459,bullshark,env_latency,fissure,5,93.6,80.7490234375,0,,,,,,,,150ms 30ms
2026-02-01T17:40:59.323740,bullshark,env_latency,fissure,2,92.9,81.17625427246094,0,,,,,,,,300ms 50ms
2026-02-01T17:42:20.257609,bullshark,env_latency,fissure,3,92.4,80.87373495101929,0,,,,,,,,300ms 50ms
2026-02-01T17:43:41.800773,bullshark,env_latency,fissure,4,92.0,81.48406553268433,0,,,,,,,,300ms 50ms
2026-02-01T17:45:02.800288,bullshark,env_latency,fissure,5,84.4,80.93960356712341,0,,,,,,,,300ms 50ms
2026-02-01T17:46:23.434590,bullshark,offense_fissure,fissure,2,90.1,80.57932496070862,0,,0.1,,,,,,
2026-02-01T17:47:44.647969,bullshark,offense_fissure,fissure,3,94.6,81.15858674049377,0,,0.1,,,,,,
2026-02-01T17:49:03.976854,bullshark,offense_fissure,fissure,4,94.8,79.27574443817139,0,,0.1,,,,,,
2026-02-01T17:50:24.308874,bullshark,offense_fissure,fissure,5,82.8,80.27806401252747,0,,0.1,,,,,,
2026-02-01T17:51:43.095439,bullshark,offense_fissure,fissure,2,77.6,78.73165249824524,0,,0.2,,,,,,
2026-02-01T17:53:03.483494,bullshark,offense_fissure,fissure,3,89.0,80.33342099189758,0,,0.2,,,,,,
2026-02-01T17:54:25.290227,bullshark,offense_fissure,fissure,4,94.8,81.74742937088013,0,,0.2,,,,,,
2026-02-01T17:55:45.672513,bullshark,offense_fissure,fissure,5,92.8,80.32718110084534,0,,0.2,,,,,,
2026-02-01T17:57:05.481306,bullshark,offense_fissure,fissure,2,90.5,79.75332164764404,0,,0.33,,,,,,
2026-02-01T17:58:27.514843,bullshark,offense_fissure,fissure,3,94.7,81.97203397750854,0,,0.33,,,,,,
2026-02-01T17:59:48.814129,bullshark,offense_fissure,fissure,4,94.8,81.2379720211029,0,,0.33,,,,,,
2026-02-01T18:01:10.986596,bullshark,offense_fissure,fissure,5,93.4,82.11063385009766,0,,0.33,,,,,,
2026-02-01T16:45:48.385033,bullshark,offense_speculative,speculative,1,95.3,90.40681529045105,0,,,5,,,,,
2026-02-01T16:45:53.846481,bullshark,offense_speculative,speculative,1,88.5,5.45602822303772,0,,,20,,,,,
2026-02-01T16:45:58.603873,bullshark,offense_speculative,speculative,1,88.0,4.752027988433838,0,,,50,,,,,
