protocol,n,scope,fix,index,blocks,leader_share,wr_same_round,wr_nonleader,mev_uniform,mev_pareto
Bullshark,13,std,0,0,464,0.069,0.9199,1.0,4962.0,23826.43
Bullshark,13,std,0,1,464,0.1034,0.8517,0.914,4594.0,20379.45
Bullshark,13,std,0,2,464,0.1034,0.7835,0.8309,4226.0,18785.31
Bullshark,13,std,0,3,464,0.1034,0.7152,0.7485,3858.0,17860.83
Bullshark,13,std,0,4,476,0.1008,0.6311,0.6602,3384.0,15001.79
Bullshark,13,std,0,5,450,0.0711,0.5556,0.5693,2930.0,13260.46
Bullshark,13,std,0,6,448,0.0714,0.4893,0.491,2572.0,11455.3
Bullshark,13,std,0,7,448,0.0714,0.4172,0.4059,2192.0,9931.32
Bullshark,13,std,0,8,448,0.0714,0.3559,0.3336,1874.0,8699.86
Bullshark,13,std,0,9,434,0.0737,0.2862,0.2497,1472.0,7818.08
Bullshark,13,std,0,10,432,0.0741,0.2161,0.1666,1106.0,5805.46
Bullshark,13,std,0,11,418,0.0766,0.1486,0.0843,738.0,3379.03
Bullshark,13,std,0,12,464,0.069,0.0738,0.0031,398.0,1738.38
Bullshark,13,std,1,0,464,0.069,0.4926,0.4965,2654.0,13888.63
Bullshark,13,std,1,1,464,0.1034,0.5397,0.5372,2908.0,12923.09
Bullshark,13,std,1,2,464,0.1034,0.5045,0.493,2718.0,14218.51
Bullshark,13,std,1,3,464,0.1034,0.5111,0.5009,2754.0,13298.39
Bullshark,13,std,1,4,476,0.1008,0.4897,0.4947,2620.0,12523.19
Bullshark,13,std,1,5,448,0.0714,0.541,0.552,2838.0,13563.51
Bullshark,13,std,1,6,448,0.0714,0.4539,0.4492,2382.0,10922.52
Bullshark,13,std,1,7,448,0.0714,0.4964,0.4993,2604.0,12181.82
Bullshark,13,std,1,8,446,0.0717,0.487,0.4881,2554.0,13354.29
Bullshark,13,std,1,9,432,0.0741,0.5037,0.5062,2578.0,13463.19
Bullshark,13,std,1,10,432,0.0741,0.5233,0.5293,2678.0,12239.52
Bullshark,13,std,1,11,418,0.0766,0.4946,0.4938,2458.0,13595.71
Bullshark,13,std,1,12,464,0.069,0.4629,0.4615,2494.0,11914.89
Bullshark,25,std,0,0,252,0.0,0.9016,0.9437,5094.0,25055.51
Bullshark,25,std,0,1,250,0.048,0.8726,0.9079,4902.0,23721.17
Bullshark,25,std,0,2,248,0.0484,0.8274,0.8586,4622.0,22718.83
Bullshark,25,std,0,3,248,0.0484,0.8045,0.8334,4494.0,21524.28
Bullshark,25,std,0,4,246,0.0488,0.7548,0.7785,4192.0,20030.88
Bullshark,25,std,0,5,248,0.0484,0.7118,0.729,3966.0,19126.92
Bullshark,25,std,0,6,244,0.0492,0.6885,0.7025,3802.0,18294.72
Bullshark,25,std,0,7,244,0.0492,0.6581,0.6689,3626.0,17581.52
Bullshark,25,std,0,8,250,0.048,0.6134,0.6202,3446.0,16996.59
Bullshark,25,std,0,9,248,0.0484,0.5739,0.5765,3206.0,15850.48
Bullshark,25,std,0,10,250,0.048,0.5365,0.5353,3014.0,14719.3
Bullshark,25,std,0,11,250,0.048,0.5151,0.5118,2894.0,14699.49
Bullshark,25,std,0,12,238,0.0504,0.4932,0.4861,2670.0,13465.78
Bullshark,25,std,0,13,240,0.05,0.4719,0.4631,2568.0,12979.16
Bullshark,25,std,0,14,240,0.05,0.4397,0.4278,2392.0,11491.19
Bullshark,25,std,0,15,228,0.0526,0.396,0.3774,2080.0,9672.34
Bullshark,25,std,0,16,226,0.0531,0.3556,0.3323,1856.0,7973.54
Bullshark,25,std,0,17,218,0.055,0.3579,0.3336,1816.0,8182.75
Bullshark,25,std,0,18,216,0.0556,0.3287,0.301,1658.0,7851.15
Bullshark,25,std,0,19,214,0.0561,0.2654,0.2306,1332.0,6372.7
Bullshark,25,std,0,20,210,0.0571,0.2534,0.2164,1252.0,5514.47
Bullshark,25,std,0,21,204,0.0588,0.2203,0.1903,1062.0,4442.86
Bullshark,25,std,0,22,218,0.055,0.1375,0.1437,664.0,2718.37
Bullshark,25,std,0,23,240,0.0,0.0851,0.089,462.0,2131.48
Bullshark,25,std,0,24,244,0.0,0.0311,0.0326,172.0,862.97
Bullshark,25,std,1,0,250,0.0,0.4895,0.5122,2762.0,13390.84
Bullshark,25,std,1,1,250,0.048,0.4911,0.4948,2772.0,13374.37
Bullshark,25,std,1,2,252,0.0476,0.5076,0.512,2882.0,14016.07
Bullshark,25,std,1,3,252,0.0476,0.4945,0.4969,2808.0,14061.86
Bullshark,25,std,1,4,250,0.048,0.5259,0.5284,2968.0,14731.84
Bullshark,25,std,1,5,248,0.0484,0.503,0.4988,2816.0,13291.89
Bullshark,25,std,1,6,252,0.0476,0.4893,0.4835,2778.0,12904.14
Bullshark,25,std,1,7,250,0.048,0.4474,0.4371,2524.0,11595.64
Bullshark,25,std,1,8,250,0.048,0.4895,0.4836,2758.0,12930.25
Bullshark,25,std,1,9,246,0.0488,0.4571,0.4482,2546.0,13303.72
Bullshark,25,std,1,10,250,0.048,0.5096,0.5061,2876.0,13400.81
Bullshark,25,std,1,11,250,0.048,0.4879,0.4834,2752.0,12893.4
Bullshark,25,std,1,12,242,0.0496,0.4964,0.4902,2734.0,13600.64
Bullshark,25,std,1,13,242,0.0496,0.512,0.5084,2820.0,13090.81
Bullshark,25,std,1,14,242,0.0496,0.5358,0.5337,2950.0,14466.76
Bullshark,25,std,1,15,226,0.0531,0.4914,0.4827,2576.0,11556.94
Bullshark,25,std,1,16,230,0.0522,0.4784,0.4689,2546.0,13367.27
Bullshark,25,std,1,17,224,0.0536,0.5067,0.4994,2638.0,11943.11
Bullshark,25,std,1,18,216,0.0556,0.5243,0.5177,2654.0,13748.12
Bullshark,25,std,1,19,216,0.0556,0.5513,0.5476,2796.0,13508.11
Bullshark,25,std,1,20,210,0.0571,0.4962,0.4857,2462.0,11210.9
Bullshark,25,std,1,21,204,0.0588,0.5505,0.5463,2670.0,13002.77
Bullshark,25,std,1,22,206,0.0583,0.5111,0.5335,2356.0,10537.02
Bullshark,25,std,1,23,238,0.0,0.495,0.5178,2674.0,12392.69
Bullshark,25,std,1,24,246,0.0,0.4736,0.4955,2632.0,12413.51
Bullshark,49,std,0,0,140,0.0143,0.7533,0.7669,4922.0,24985.92
Bullshark,49,std,0,1,136,0.0147,0.8434,0.8597,5396.0,27229.16
Bullshark,49,std,0,2,142,0.0845,0.7964,0.7958,5256.0,26201.04
Bullshark,49,std,0,3,136,0.0735,0.6774,0.6659,4314.0,21551.55
Bullshark,49,std,0,4,134,0.0746,0.7867,0.786,4964.0,25139.08
Bullshark,49,std,0,5,134,0.0746,0.7979,0.7982,5022.0,25344.33
Bullshark,49,std,0,6,138,0.087,0.8033,0.8021,5180.0,25358.77
Bullshark,49,std,0,7,134,0.0746,0.7689,0.7662,4812.0,24133.49
Bullshark,49,std,0,8,144,0.0833,0.743,0.7357,4956.0,24507.31
Bullshark,49,std,0,9,130,0.0769,0.632,0.6139,3884.0,19859.93
Bullshark,49,std,0,10,142,0.0704,0.7564,0.7535,4992.0,24564.64
Bullshark,49,std,0,11,138,0.0725,0.6921,0.6821,4464.0,21533.02
Bullshark,49,std,0,12,134,0.0746,0.7209,0.7131,4510.0,22445.88
Bullshark,49,std,0,13,128,0.0781,0.7069,0.6964,4254.0,21921.45
Bullshark,49,std,0,14,144,0.0694,0.7073,0.7015,4716.0,23859.56
Bullshark,49,std,0,15,146,0.0685,0.681,0.6809,4530.0,22304.11
Bullshark,49,std,0,16,156,0.0513,0.6322,0.6463,4308.0,21415.17
Bullshark,49,std,0,17,148,0.0,0.6205,0.6343,4228.0,20420.48
Bullshark,49,std,0,18,142,0.0,0.6138,0.6273,4040.0,19882.25
Bullshark,49,std,0,19,148,0.0,0.4937,0.5047,3364.0,17047.98
Bullshark,49,std,0,20,144,0.0,0.598,0.6112,3984.0,19518.62
Bullshark,49,std,0,21,146,0.0,0.56,0.5724,3780.0,19369.53
Bullshark,49,std,0,22,140,0.0,0.5866,0.5996,3800.0,18569.57
Bullshark,49,std,0,23,146,0.0,0.4883,0.4991,3296.0,16966.91
Bullshark,49,std,0,24,144,0.0,0.4784,0.4889,3184.0,16508.22
Bullshark,49,std,0,25,148,0.0,0.4667,0.477,3180.0,16139.91
Bullshark,49,std,0,26,144,0.0,0.458,0.4681,3062.0,15462.24
Bullshark,49,std,0,27,146,0.0,0.4524,0.4624,3054.0,15458.74
Bullshark,49,std,0,28,148,0.0,0.4162,0.4254,2836.0,13389.3
Bullshark,49,std,0,29,138,0.0,0.3557,0.3636,2276.0,11496.08
Bullshark,49,std,0,30,144,0.0,0.43,0.4395,2864.0,15166.02
Bullshark,49,std,0,31,146,0.0,0.3944,0.4031,2662.0,14132.78
Bullshark,49,std,0,32,140,0.0,0.4133,0.4223,2706.0,14153.71
Bullshark,49,std,0,33,144,0.0,0.3996,0.4084,2662.0,12332.9
Bullshark,49,std,0,34,142,0.0,0.3403,0.3478,2248.0,12160.21
Bullshark,49,std,0,35,146,0.0,0.3176,0.3247,2144.0,11614.65
Bullshark,49,std,0,36,146,0.0,0.3162,0.3232,2126.0,9901.2
Bullshark,49,std,0,37,144,0.0,0.2741,0.2802,1830.0,8892.14
Bullshark,49,std,0,38,146,0.0,0.3327,0.3401,2246.0,11770.61
Bullshark,49,std,0,39,148,0.0,0.2477,0.2532,1688.0,8607.92
Bullshark,49,std,0,40,142,0.0,0.2955,0.302,1954.0,9496.01
Bullshark,49,std,0,41,142,0.0,0.2893,0.2957,1916.0,9675.22
Bullshark,49,std,0,42,142,0.0,0.257,0.2627,1702.0,8495.81
Bullshark,49,std,0,43,142,0.0,0.1981,0.2025,1310.0,6160.24
Bullshark,49,std,0,44,144,0.0,0.2602,0.266,1740.0,8674.28
Bullshark,49,std,0,45,148,0.0,0.2034,0.2079,1386.0,6941.21
Bullshark,49,std,0,46,142,0.0,0.1857,0.1898,1230.0,6773.85
Bullshark,49,std,0,47,140,0.0,0.2123,0.2169,1390.0,6348.0
Bullshark,49,std,0,48,146,0.0,0.1884,0.1926,1272.0,7240.25
Bullshark,49,std,1,0,142,0.0,0.502,0.5131,3298.0,15513.17
Bullshark,49,std,1,1,138,0.0145,0.5886,0.5968,3788.0,18124.6
Bullshark,49,std,1,2,134,0.0597,0.4859,0.4645,3058.0,14621.67
Bullshark,49,std,1,3,134,0.0746,0.5593,0.5349,3528.0,17888.85
Bullshark,49,std,1,4,138,0.0725,0.4882,0.4568,3142.0,15497.5
Bullshark,49,std,1,5,130,0.0769,0.5326,0.5038,3284.0,14900.24
Bullshark,49,std,1,6,142,0.0986,0.575,0.5419,3780.0,17649.98
Bullshark,49,std,1,7,132,0.0758,0.6116,0.5917,3810.0,18546.23
Bullshark,49,std,1,8,132,0.0758,0.601,0.58,3744.0,17327.25
Bullshark,49,std,1,9,132,0.0758,0.46,0.4235,2838.0,12964.6
Bullshark,49,std,1,10,136,0.0735,0.6236,0.606,3966.0,18558.55
Bullshark,49,std,1,11,134,0.0746,0.4909,0.4588,3084.0,15300.94
Bullshark,49,std,1,12,140,0.0714,0.545,0.5202,3548.0,17182.89
Bullshark,49,std,1,13,132,0.0758,0.543,0.5156,3356.0,16279.69
Bullshark,49,std,1,14,140,0.0714,0.4857,0.4551,3162.0,15971.96
Bullshark,49,std,1,15,148,0.0811,0.5645,0.5494,3826.0,19354.96
Bullshark,49,std,1,16,160,0.0625,0.3862,0.3949,2644.0,12798.33
Bullshark,49,std,1,17,148,0.0135,0.473,0.4781,3208.0,14821.31
Bullshark,49,std,1,18,144,0.0,0.4528,0.4629,3004.0,14638.16
Bullshark,49,std,1,19,140,0.0,0.5071,0.5182,3298.0,15374.31
Bullshark,49,std,1,20,150,0.0,0.4797,0.4904,3284.0,15893.72
Bullshark,49,std,1,21,148,0.0,0.4457,0.4557,3014.0,14766.06
Bullshark,49,std,1,22,144,0.0,0.4997,0.5108,3314.0,15447.15
Bullshark,49,std,1,23,144,0.0,0.4784,0.489,3168.0,15620.64
Bullshark,49,std,1,24,150,0.0,0.463,0.4734,3170.0,15071.33
Bullshark,49,std,1,25,148,0.0,0.4788,0.4894,3246.0,14944.56
Bullshark,49,std,1,26,142,0.0,0.4587,0.4688,3008.0,13107.86
Bullshark,49,std,1,27,148,0.0,0.445,0.4549,3018.0,15578.04
Bullshark,49,std,1,28,146,0.0,0.4139,0.4231,2768.0,13256.12
Bullshark,49,std,1,29,150,0.0,0.4455,0.4555,3050.0,14246.05
Bullshark,49,std,1,30,148,0.0,0.5004,0.5116,3394.0,15791.77
Bullshark,49,std,1,31,148,0.0,0.499,0.5101,3374.0,16648.9
Bullshark,49,std,1,32,146,0.0,0.5073,0.5186,3396.0,16888.46
Bullshark,49,std,1,33,146,0.0,0.499,0.51,3352.0,16324.54
Bullshark,49,std,1,34,146,0.0,0.492,0.5029,3304.0,15694.84
Bullshark,49,std,1,35,142,0.0,0.4663,0.4766,3056.0,14672.57
Bullshark,49,std,1,36,146,0.0,0.549,0.5612,3686.0,17763.48
Bullshark,49,std,1,37,144,0.0,0.5266,0.5382,3504.0,17525.73
Bullshark,49,std,1,38,148,0.0135,0.5237,0.5305,3552.0,16630.03
Bullshark,49,std,1,39,142,0.0,0.4752,0.4857,3120.0,15885.03
Bullshark,49,std,1,40,150,0.0,0.5016,0.5128,3434.0,16500.3
Bullshark,49,std,1,41,150,0.0,0.4879,0.4988,3340.0,16256.3
Bullshark,49,std,1,42,142,0.0,0.5044,0.5156,3308.0,15555.65
Bullshark,49,std,1,43,142,0.0,0.522,0.5336,3412.0,15840.11
Bullshark,49,std,1,44,142,0.0,0.4452,0.455,2934.0,15133.03
Bullshark,49,std,1,45,146,0.0,0.4969,0.5079,3338.0,15690.17
Bullshark,49,std,1,46,148,0.0,0.5108,0.5222,3464.0,17246.28
Bullshark,49,std,1,47,144,0.0,0.4367,0.4464,2896.0,14260.05
Bullshark,49,std,1,48,140,0.0,0.5055,0.5167,3280.0,15988.8
Sui,13,std,0,0,232,0.069,0.911,0.9895,2456.0,11707.6
Sui,13,std,0,1,232,0.1034,0.8501,0.9122,2292.0,11134.68
Sui,13,std,0,2,232,0.1034,0.7819,0.8291,2108.0,9598.35
Sui,13,std,0,3,232,0.1034,0.717,0.7506,1933.0,8604.05
Sui,13,std,0,4,240,0.1,0.6295,0.6588,1697.0,7985.34
Sui,13,std,0,5,224,0.0714,0.5543,0.5676,1455.0,6862.94
Sui,13,std,0,6,224,0.0714,0.4846,0.4854,1272.0,5535.29
Sui,13,std,0,7,224,0.0714,0.42,0.4092,1102.0,5316.71
Sui,13,std,0,8,223,0.0717,0.3598,0.338,944.0,3483.64
Sui,13,std,0,9,216,0.0741,0.2866,0.2499,734.0,3469.49
Sui,13,std,0,10,216,0.0741,0.2168,0.1674,555.0,2231.45
Sui,13,std,0,11,209,0.0766,0.1522,0.0887,378.0,1325.69
Sui,13,std,0,12,232,0.069,0.079,0.0092,213.0,1033.25
Sui,13,std,1,0,232,0.069,0.4757,0.4766,1283.0,5696.85
Sui,13,std,1,1,232,0.1034,0.4842,0.4702,1306.0,5756.06
Sui,13,std,1,2,232,0.1034,0.5135,0.5036,1385.0,6232.05
Sui,13,std,1,3,232,0.1034,0.5332,0.5281,1438.0,6188.34
Sui,13,std,1,4,240,0.1,0.4994,0.5059,1347.0,5724.93
Sui,13,std,1,5,224,0.0714,0.5341,0.5438,1403.0,6415.13
Sui,13,std,1,6,224,0.0714,0.4697,0.4679,1234.0,5964.27
Sui,13,std,1,7,224,0.0714,0.4893,0.491,1285.0,5936.18
Sui,13,std,1,8,223,0.0717,0.5181,0.5247,1360.0,5741.83
Sui,13,std,1,9,216,0.0741,0.5185,0.5237,1329.0,6432.09
Sui,13,std,1,10,216,0.0741,0.4984,0.5,1276.0,5713.46
Sui,13,std,1,11,210,0.0762,0.5056,0.5071,1261.0,5381.77
Sui,13,std,1,12,232,0.069,0.4616,0.46,1245.0,5655.16
Sui,25,std,0,0,125,0.0,0.9095,0.9519,2552.0,11780.35
Sui,25,std,0,1,123,0.0488,0.8608,0.8949,2387.0,11077.36
Sui,25,std,0,2,124,0.0484,0.8197,0.8503,2287.0,10573.31
Sui,25,std,0,3,125,0.048,0.8207,0.8514,2303.0,11037.12
Sui,25,std,0,4,124,0.0484,0.7738,0.7997,2159.0,10293.67
Sui,25,std,0,5,125,0.048,0.7381,0.7582,2071.0,9754.54
Sui,25,std,0,6,124,0.0484,0.7115,0.7282,1985.0,9633.11
Sui,25,std,0,7,126,0.0476,0.6386,0.6482,1802.0,8699.02
Sui,25,std,0,8,126,0.0476,0.6276,0.636,1771.0,8384.28
Sui,25,std,0,9,124,0.0484,0.5789,0.5819,1615.0,7791.47
Sui,25,std,0,10,125,0.048,0.5481,0.5482,1538.0,7641.17
Sui,25,std,0,11,124,0.0484,0.507,0.5026,1414.0,6867.67
Sui,25,std,0,12,118,0.0508,0.4773,0.4683,1282.0,5837.7
Sui,25,std,0,13,118,0.0508,0.4578,0.4483,1230.0,5913.58
Sui,25,std,0,14,117,0.0513,0.414,0.3981,1105.0,5160.97
Sui,25,std,0,15,111,0.0541,0.4096,0.3916,1056.0,4707.67
Sui,25,std,0,16,111,0.0541,0.3692,0.3468,951.0,4403.52
Sui,25,std,0,17,110,0.0545,0.3371,0.3109,861.0,3993.65
Sui,25,std,0,18,108,0.0556,0.3141,0.2847,790.0,3530.29
Sui,25,std,0,19,107,0.0561,0.2681,0.2334,671.0,2862.54
Sui,25,std,0,20,104,0.0577,0.2446,0.2062,599.0,2490.84
Sui,25,std,0,21,99,0.0606,0.211,0.1759,496.0,1997.61
Sui,25,std,0,22,106,0.0566,0.1204,0.1257,285.0,1297.6
Sui,25,std,0,23,124,0.0,0.0915,0.0958,255.0,1065.72
Sui,25,std,0,24,126,0.0,0.0361,0.0378,102.0,310.05
Sui,25,std,1,0,126,0.0,0.474,0.4961,1339.0,6455.35
Sui,25,std,1,1,125,0.048,0.4881,0.4915,1371.0,6223.47
Sui,25,std,1,2,126,0.0476,0.4814,0.4839,1360.0,6744.25
Sui,25,std,1,3,127,0.0472,0.4442,0.4431,1262.0,5798.94
Sui,25,std,1,4,126,0.0476,0.4871,0.4873,1376.0,6096.32
Sui,25,std,1,5,125,0.048,0.4952,0.491,1391.0,6690.64
Sui,25,std,1,6,126,0.0476,0.5335,0.5324,1507.0,7137.64
Sui,25,std,1,7,126,0.0476,0.5083,0.5045,1436.0,6401.7
Sui,25,std,1,8,125,0.048,0.5226,0.52,1468.0,6896.54
Sui,25,std,1,9,124,0.0484,0.5406,0.5397,1510.0,6953.03
Sui,25,std,1,10,125,0.04,0.4838,0.4822,1356.0,6153.81
Sui,25,std,1,11,123,0.0488,0.4764,0.4686,1323.0,5959.42
Sui,25,std,1,12,120,0.05,0.5634,0.564,1537.0,7231.5
Sui,25,std,1,13,121,0.0496,0.5457,0.5447,1498.0,7232.98
Sui,25,std,1,14,119,0.0504,0.458,0.4473,1242.0,5766.07
Sui,25,std,1,15,113,0.0531,0.5132,0.5068,1342.0,5400.55
Sui,25,std,1,16,112,0.0536,0.4983,0.49,1292.0,6038.81
Sui,25,std,1,17,110,0.0545,0.4977,0.4887,1272.0,5112.15
Sui,25,std,1,18,108,0.0556,0.5206,0.5136,1313.0,6595.1
Sui,25,std,1,19,107,0.0561,0.4958,0.4859,1247.0,5719.27
Sui,25,std,1,20,105,0.0571,0.5218,0.5141,1291.0,5676.39
Sui,25,std,1,21,101,0.0594,0.4897,0.4849,1169.0,6045.84
Sui,25,std,1,22,107,0.0561,0.4582,0.4729,1096.0,4747.26
Sui,25,std,1,23,120,0.0167,0.5468,0.5681,1473.0,6551.44
Sui,25,std,1,24,127,0.0,0.4572,0.4786,1299.0,6082.08
Sui,49,std,0,0,69,0.029,0.8452,0.8601,2708.0,12964.11
Sui,49,std,0,1,67,0.0299,0.7232,0.7322,2270.0,11002.4
Sui,49,std,0,2,70,0.0857,0.7426,0.7355,2415.0,12270.35
Sui,49,std,0,3,69,0.0725,0.7887,0.7889,2535.0,12267.99
Sui,49,std,0,4,69,0.0725,0.792,0.7922,2547.0,12209.34
Sui,49,std,0,5,69,0.0725,0.7739,0.7723,2489.0,12328.5
Sui,49,std,0,6,70,0.0714,0.7986,0.7999,2602.0,12071.36
Sui,49,std,0,7,66,0.0758,0.7394,0.7333,2290.0,11267.66
Sui,49,std,0,8,64,0.0781,0.716,0.7067,2171.0,11107.66
Sui,49,std,0,9,67,0.0746,0.7447,0.7393,2339.0,11418.57
Sui,49,std,0,10,64,0.0781,0.7351,0.7277,2231.0,11238.85
Sui,49,std,0,11,66,0.0758,0.7304,0.7232,2262.0,10893.55
Sui,49,std,0,12,64,0.0781,0.7142,0.7045,2152.0,11213.11
Sui,49,std,0,13,63,0.0794,0.6142,0.5928,1818.0,9604.02
Sui,49,std,0,14,65,0.0769,0.637,0.6227,1946.0,10133.66
Sui,49,std,0,15,73,0.0685,0.6288,0.6304,2065.0,10808.99
Sui,49,std,0,16,75,0.04,0.5862,0.5991,1949.0,9434.1
Sui,49,std,0,17,71,0.0,0.5638,0.5762,1857.0,8980.07
Sui,49,std,0,18,71,0.0,0.5761,0.5889,1892.0,9479.44
Sui,49,std,0,19,70,0.0,0.6038,0.6171,1966.0,9895.22
Sui,49,std,0,20,70,0.0,0.539,0.5509,1754.0,9092.2
Sui,49,std,0,21,73,0.0,0.5619,0.5744,1887.0,10031.79
Sui,49,std,0,22,71,0.0,0.5222,0.5337,1716.0,8736.25
Sui,49,std,0,23,72,0.0,0.5452,0.5572,1811.0,8942.58
Sui,49,std,0,24,70,0.0,0.494,0.5049,1602.0,8645.79
Sui,49,std,0,25,72,0.0,0.5153,0.5267,1714.0,8497.49
Sui,49,std,0,26,73,0.0,0.4446,0.4545,1493.0,7335.22
Sui,49,std,0,27,71,0.0,0.4519,0.4619,1486.0,7054.39
Sui,49,std,0,28,73,0.0,0.4738,0.4843,1591.0,7554.34
Sui,49,std,0,29,71,0.0,0.4209,0.4302,1380.0,6487.35
Sui,49,std,0,30,73,0.0,0.4595,0.4697,1543.0,7894.01
Sui,49,std,0,31,70,0.0,0.426,0.4354,1388.0,6616.64
Sui,49,std,0,32,72,0.0,0.3848,0.3934,1280.0,6246.9
Sui,49,std,0,33,72,0.0,0.3783,0.3867,1256.0,6199.77
Sui,49,std,0,34,72,0.0,0.3584,0.3663,1192.0,5786.94
Sui,49,std,0,35,72,0.0,0.322,0.3291,1071.0,5044.24
Sui,49,std,0,36,70,0.0,0.3528,0.3605,1144.0,5627.92
Sui,49,std,0,37,72,0.0,0.3335,0.3409,1108.0,5532.53
Sui,49,std,0,38,71,0.0,0.2866,0.2929,943.0,4848.99
Sui,49,std,0,39,70,0.0,0.3038,0.3105,984.0,5057.55
Sui,49,std,0,40,71,0.0,0.2824,0.2886,929.0,4477.22
Sui,49,std,0,41,73,0.0,0.2579,0.2636,866.0,4294.23
Sui,49,std,0,42,72,0.0,0.2706,0.2766,900.0,4563.32
Sui,49,std,0,43,71,0.0,0.2556,0.2613,840.0,3893.36
Sui,49,std,0,44,70,0.0,0.2297,0.2348,747.0,3835.58
Sui,49,std,0,45,71,0.0,0.1936,0.1979,637.0,3117.94
Sui,49,std,0,46,72,0.0,0.2141,0.2188,712.0,3626.16
Sui,49,std,0,47,73,0.0,0.1593,0.1629,535.0,3184.96
Sui,49,std,0,48,71,0.0,0.1825,0.1865,600.0,2731.07
Sui,49,std,1,0,68,0.0,0.5119,0.5232,1615.0,7391.36
Sui,49,std,1,1,70,0.0286,0.5039,0.5036,1630.0,7327.84
Sui,49,std,1,2,65,0.0769,0.4538,0.4207,1391.0,5936.94
Sui,49,std,1,3,65,0.0615,0.4998,0.4773,1524.0,6666.49
Sui,49,std,1,4,68,0.0735,0.4907,0.4593,1550.0,7030.93
Sui,49,std,1,5,68,0.0882,0.4923,0.4537,1559.0,7681.76
Sui,49,std,1,6,68,0.0882,0.5545,0.522,1755.0,8086.33
Sui,49,std,1,7,69,0.0725,0.5103,0.481,1629.0,7664.94
Sui,49,std,1,8,61,0.082,0.5665,0.5388,1640.0,7433.68
Sui,49,std,1,9,64,0.0781,0.5785,0.5537,1735.0,7748.9
Sui,49,std,1,10,68,0.0735,0.5292,0.5016,1674.0,7778.95
Sui,49,std,1,11,66,0.0758,0.5799,0.5563,1786.0,8478.73
Sui,49,std,1,12,66,0.0758,0.4822,0.4479,1478.0,7298.33
Sui,49,std,1,13,68,0.0735,0.5413,0.5149,1705.0,7931.5
Sui,49,std,1,14,68,0.0735,0.5714,0.5506,1800.0,7917.51
Sui,49,std,1,15,72,0.0694,0.5157,0.5062,1679.0,8547.14
Sui,49,std,1,16,73,0.0548,0.554,0.5663,1760.0,8009.68
Sui,49,std,1,17,71,0.0,0.5174,0.5289,1695.0,7759.73
Sui,49,std,1,18,72,0.0,0.4663,0.4767,1544.0,7040.4
Sui,49,std,1,19,72,0.0139,0.4986,0.5039,1651.0,8010.71
Sui,49,std,1,20,74,0.0,0.5496,0.562,1855.0,8586.86
Sui,49,std,1,21,73,0.0,0.3978,0.4067,1330.0,5444.67
Sui,49,std,1,22,72,0.0,0.4797,0.4904,1587.0,7146.11
Sui,49,std,1,23,70,0.0,0.5094,0.5207,1649.0,7522.68
Sui,49,std,1,24,71,0.0,0.4655,0.4758,1525.0,6979.21
Sui,49,std,1,25,71,0.0,0.4815,0.4922,1574.0,7058.41
Sui,49,std,1,26,69,0.0,0.4304,0.4399,1376.0,6344.83
Sui,49,std,1,27,74,0.0,0.4833,0.4941,1631.0,7513.37
Sui,49,std,1,28,74,0.0,0.5416,0.5538,1828.0,8615.05
Sui,49,std,1,29,74,0.0,0.4539,0.4641,1532.0,7459.65
Sui,49,std,1,30,72,0.0,0.5271,0.5389,1732.0,8371.84
Sui,49,std,1,31,74,0.0,0.5108,0.5223,1724.0,8037.87
Sui,49,std,1,32,71,0.0,0.5002,0.5112,1640.0,7736.87
Sui,49,std,1,33,72,0.0,0.5101,0.5215,1689.0,8461.45
Sui,49,std,1,34,73,0.0,0.5066,0.5179,1692.0,7923.51
Sui,49,std,1,35,74,0.0,0.4732,0.4838,1597.0,7846.3
Sui,49,std,1,36,72,0.0,0.4739,0.4844,1569.0,7151.59
Sui,49,std,1,37,72,0.0,0.4636,0.4739,1528.0,7091.35
Sui,49,std,1,38,71,0.0,0.441,0.4507,1446.0,6470.94
Sui,49,std,1,39,71,0.0,0.4898,0.5008,1590.0,8074.17
Sui,49,std,1,40,73,0.0,0.5177,0.5292,1729.0,8248.38
Sui,49,std,1,41,72,0.0,0.5042,0.5155,1668.0,7894.61
Sui,49,std,1,42,72,0.0,0.5288,0.5406,1751.0,8639.16
Sui,49,std,1,43,71,0.0,0.5072,0.5184,1663.0,7670.95
Sui,49,std,1,44,71,0.0,0.4633,0.4736,1513.0,7669.93
Sui,49,std,1,45,72,0.0,0.5011,0.5122,1659.0,7586.29
Sui,49,std,1,46,73,0.0,0.5151,0.5266,1722.0,7706.24
Sui,49,std,1,47,73,0.0,0.4637,0.474,1550.0,7639.45
Sui,49,std,1,48,71,0.0141,0.4163,0.4188,1365.0,6333.49
